-- phpMyAdmin SQL Dump
-- version 4.4.15.7
-- http://www.phpmyadmin.net
--
-- Хост: 127.0.0.1:3306
-- Время создания: Сен 22 2017 г., 14:32
-- Версия сервера: 5.5.50
-- Версия PHP: 5.4.45

SET SQL_MODE = "NO_AUTO_VALUE_ON_ZERO";
SET time_zone = "+00:00";


/*!40101 SET @OLD_CHARACTER_SET_CLIENT=@@CHARACTER_SET_CLIENT */;
/*!40101 SET @OLD_CHARACTER_SET_RESULTS=@@CHARACTER_SET_RESULTS */;
/*!40101 SET @OLD_COLLATION_CONNECTION=@@COLLATION_CONNECTION */;
/*!40101 SET NAMES utf8mb4 */;

--
-- База данных: `sport`
--

-- --------------------------------------------------------

--
-- Структура таблицы `body_parameters`
--

CREATE TABLE IF NOT EXISTS `body_parameters` (
  `parameter_id` int(11) NOT NULL COMMENT 'body parameter ID',
  `parameter_name` varchar(50) COLLATE utf8_unicode_ci NOT NULL COMMENT 'body parameter name',
  `parameter_li` varchar(30) COLLATE utf8_unicode_ci NOT NULL
) ENGINE=InnoDB AUTO_INCREMENT=13 DEFAULT CHARSET=utf8 COLLATE=utf8_unicode_ci COMMENT='body parameters';

--
-- Дамп данных таблицы `body_parameters`
--

INSERT INTO `body_parameters` (`parameter_id`, `parameter_name`, `parameter_li`) VALUES
(1, 'Шея', 'neck'),
(2, 'Плечи', 'shoulders'),
(3, 'Бицепс', 'biceps'),
(4, 'Грудь', 'breast'),
(5, 'Под грудью', 'underBreast'),
(6, 'Талия', 'waist'),
(7, 'Предплечье', 'forearm'),
(8, 'Бедра', 'hips'),
(9, 'Нога', 'thigh'),
(10, 'Над коленкой', 'aboveKnee'),
(11, 'Икроножная мышца', 'calf'),
(12, 'Вес', 'weight');

-- --------------------------------------------------------

--
-- Структура таблицы `body_parameters_values`
--

CREATE TABLE IF NOT EXISTS `body_parameters_values` (
  `report_date` date NOT NULL,
  `user_id` int(11) NOT NULL COMMENT 'user ID',
  `parameter_id` int(11) NOT NULL COMMENT 'parameter ID',
  `parameter_value` decimal(10,2) NOT NULL COMMENT 'parameter value'
) ENGINE=InnoDB DEFAULT CHARSET=utf8 COLLATE=utf8_unicode_ci;

--
-- Дамп данных таблицы `body_parameters_values`
--

INSERT INTO `body_parameters_values` (`report_date`, `user_id`, `parameter_id`, `parameter_value`) VALUES
('2016-02-11', 1, 3, '26.50'),
('2016-02-11', 1, 4, '92.00'),
('2016-02-11', 1, 5, '84.00'),
('2016-02-11', 1, 6, '78.00'),
('2016-02-11', 1, 8, '99.50'),
('2016-02-11', 1, 9, '58.00'),
('2016-02-11', 1, 10, '39.00'),
('2016-02-11', 1, 11, '35.00'),
('2016-02-11', 1, 12, '60.70'),
('2016-02-18', 1, 3, '26.00'),
('2016-02-18', 1, 4, '92.50'),
('2016-02-18', 1, 5, '82.00'),
('2016-02-18', 1, 6, '77.50'),
('2016-02-18', 1, 8, '98.00'),
('2016-02-18', 1, 9, '57.00'),
('2016-02-18', 1, 10, '38.00'),
('2016-02-18', 1, 11, '34.00'),
('2016-02-18', 1, 12, '61.00'),
('2016-03-03', 1, 3, '27.00'),
('2016-03-03', 1, 4, '93.00'),
('2016-03-03', 1, 5, '80.00'),
('2016-03-03', 1, 6, '77.50'),
('2016-03-03', 1, 8, '97.50'),
('2016-03-03', 1, 9, '57.00'),
('2016-03-03', 1, 10, '38.00'),
('2016-03-03', 1, 11, '35.00'),
('2016-03-03', 1, 12, '60.20'),
('2016-03-24', 1, 3, '27.50'),
('2016-03-24', 1, 4, '94.00'),
('2016-03-24', 1, 5, '79.50'),
('2016-03-24', 1, 6, '78.00'),
('2016-03-24', 1, 8, '97.00'),
('2016-03-24', 1, 9, '56.50'),
('2016-03-24', 1, 10, '37.50'),
('2016-03-24', 1, 11, '35.00'),
('2016-03-24', 1, 12, '61.00'),
('2016-03-30', 1, 3, '26.50'),
('2016-03-30', 1, 4, '94.00'),
('2016-03-30', 1, 5, '79.00'),
('2016-03-30', 1, 6, '77.50'),
('2016-03-30', 1, 8, '96.00'),
('2016-03-30', 1, 9, '57.00'),
('2016-03-30', 1, 10, '37.50'),
('2016-03-30', 1, 11, '35.00'),
('2016-03-30', 1, 12, '60.80'),
('2016-04-28', 1, 3, '27.50'),
('2016-04-28', 1, 4, '94.00'),
('2016-04-28', 1, 5, '80.00'),
('2016-04-28', 1, 6, '76.00'),
('2016-04-28', 1, 8, '96.00'),
('2016-04-28', 1, 9, '55.00'),
('2016-04-28', 1, 10, '38.00'),
('2016-04-28', 1, 11, '35.00'),
('2016-04-28', 1, 12, '59.60'),
('2016-05-27', 1, 3, '27.00'),
('2016-05-27', 1, 4, '92.50'),
('2016-05-27', 1, 5, '77.00'),
('2016-05-27', 1, 6, '76.00'),
('2016-05-27', 1, 8, '95.00'),
('2016-05-27', 1, 9, '55.00'),
('2016-05-27', 1, 10, '36.50'),
('2016-05-27', 1, 11, '34.50'),
('2016-05-27', 1, 12, '59.00'),
('2016-06-29', 1, 3, '27.00'),
('2016-06-29', 1, 4, '93.00'),
('2016-06-29', 1, 5, '76.50'),
('2016-06-29', 1, 6, '74.50'),
('2016-06-29', 1, 8, '95.00'),
('2016-06-29', 1, 9, '54.50'),
('2016-06-29', 1, 10, '37.50'),
('2016-06-29', 1, 11, '33.50'),
('2016-06-29', 1, 12, '59.30'),
('2016-07-14', 1, 3, '27.00'),
('2016-07-14', 1, 4, '91.00'),
('2016-07-14', 1, 5, '78.00'),
('2016-07-14', 1, 6, '75.00'),
('2016-07-14', 1, 8, '95.00'),
('2016-07-14', 1, 9, '53.00'),
('2016-07-14', 1, 10, '36.50'),
('2016-07-14', 1, 11, '32.50'),
('2016-07-14', 1, 12, '59.00'),
('2016-07-30', 1, 3, '27.00'),
('2016-07-30', 1, 4, '91.00'),
('2016-07-30', 1, 5, '78.00'),
('2016-07-30', 1, 6, '75.50'),
('2016-07-30', 1, 8, '95.50'),
('2016-07-30', 1, 9, '53.00'),
('2016-07-30', 1, 10, '35.00'),
('2016-07-30', 1, 11, '33.00'),
('2016-07-30', 1, 12, '57.50'),
('2016-08-31', 1, 3, '27.00'),
('2016-08-31', 1, 4, '92.00'),
('2016-08-31', 1, 5, '79.00'),
('2016-08-31', 1, 6, '73.00'),
('2016-08-31', 1, 8, '92.00'),
('2016-08-31', 1, 9, '55.00'),
('2016-08-31', 1, 10, '35.00'),
('2016-08-31', 1, 11, '33.50'),
('2016-08-31', 1, 12, '57.30'),
('2016-10-03', 1, 3, '28.00'),
('2016-10-03', 1, 4, '92.00'),
('2016-10-03', 1, 5, '77.00'),
('2016-10-03', 1, 6, '73.50'),
('2016-10-03', 1, 8, '93.00'),
('2016-10-03', 1, 9, '54.50'),
('2016-10-03', 1, 10, '35.50'),
('2016-10-03', 1, 11, '34.00'),
('2016-10-03', 1, 12, '56.90'),
('2016-10-27', 1, 3, '26.00'),
('2016-10-27', 1, 4, '90.00'),
('2016-10-27', 1, 5, '76.00'),
('2016-10-27', 1, 6, '73.50'),
('2016-10-27', 1, 8, '93.00'),
('2016-10-27', 1, 9, '54.00'),
('2016-10-27', 1, 10, '35.00'),
('2016-10-27', 1, 11, '33.50'),
('2016-10-27', 1, 12, '56.90'),
('2016-12-03', 1, 3, '27.00'),
('2016-12-03', 1, 4, '87.50'),
('2016-12-03', 1, 5, '77.50'),
('2016-12-03', 1, 6, '73.00'),
('2016-12-03', 1, 8, '91.50'),
('2016-12-03', 1, 9, '53.50'),
('2016-12-03', 1, 10, '35.00'),
('2016-12-03', 1, 11, '32.00'),
('2016-12-03', 1, 12, '56.70'),
('2016-12-22', 1, 3, '26.50'),
('2016-12-22', 1, 4, '86.00'),
('2016-12-22', 1, 5, '75.50'),
('2016-12-22', 1, 6, '73.00'),
('2016-12-22', 1, 8, '91.00'),
('2016-12-22', 1, 9, '53.00'),
('2016-12-22', 1, 10, '35.00'),
('2016-12-22', 1, 11, '33.00'),
('2016-12-22', 1, 12, '55.70'),
('2017-01-10', 2, 6, '89.00'),
('2017-01-21', 2, 12, '77.00'),
('2017-01-23', 1, 3, '27.00'),
('2017-01-23', 1, 4, '89.00'),
('2017-01-23', 1, 5, '77.00'),
('2017-01-23', 1, 6, '72.00'),
('2017-01-23', 1, 8, '92.50'),
('2017-01-23', 1, 9, '54.00'),
('2017-01-23', 1, 10, '35.50'),
('2017-01-23', 1, 11, '33.50'),
('2017-01-23', 1, 12, '56.00'),
('2017-03-09', 1, 3, '26.00'),
('2017-03-09', 1, 4, '88.00'),
('2017-03-09', 1, 5, '76.00'),
('2017-03-09', 1, 6, '71.00'),
('2017-03-09', 1, 8, '91.00'),
('2017-03-09', 1, 9, '53.00'),
('2017-03-09', 1, 10, '34.50'),
('2017-03-09', 1, 11, '32.50'),
('2017-03-09', 1, 12, '54.60'),
('2017-03-09', 2, 1, '38.00'),
('2017-03-09', 2, 2, '110.00'),
('2017-03-09', 2, 3, '33.00'),
('2017-03-09', 2, 4, '105.00'),
('2017-03-09', 2, 6, '86.50'),
('2017-03-09', 2, 7, '27.00'),
('2017-03-09', 2, 8, '94.50'),
('2017-03-09', 2, 9, '55.00'),
('2017-03-09', 2, 11, '35.00'),
('2017-03-09', 2, 12, '77.00'),
('2017-04-22', 1, 3, '25.50'),
('2017-04-22', 1, 4, '88.00'),
('2017-04-22', 1, 5, '75.50'),
('2017-04-22', 1, 6, '72.00'),
('2017-04-22', 1, 8, '91.00'),
('2017-04-22', 1, 9, '52.00'),
('2017-04-22', 1, 10, '36.00'),
('2017-04-22', 1, 11, '34.00'),
('2017-04-22', 1, 12, '53.80'),
('2017-05-20', 1, 3, '26.00'),
('2017-05-20', 1, 4, '88.00'),
('2017-05-20', 1, 5, '76.00'),
('2017-05-20', 1, 6, '72.00'),
('2017-05-20', 1, 8, '91.00'),
('2017-05-20', 1, 9, '50.00'),
('2017-05-20', 1, 10, '36.00'),
('2017-05-20', 1, 11, '34.00'),
('2017-05-20', 1, 12, '52.60'),
('2017-05-21', 2, 1, '40.00'),
('2017-05-21', 2, 2, '112.00'),
('2017-05-21', 2, 3, '35.00'),
('2017-05-21', 2, 4, '107.00'),
('2017-05-21', 2, 6, '89.00'),
('2017-05-21', 2, 7, '29.00'),
('2017-05-21', 2, 8, '95.00'),
('2017-05-21', 2, 9, '52.00'),
('2017-05-21', 2, 11, '36.00'),
('2017-05-21', 2, 12, '76.00'),
('2017-06-10', 2, 12, '74.50'),
('2017-07-31', 1, 3, '26.00'),
('2017-07-31', 1, 4, '87.50'),
('2017-07-31', 1, 5, '76.00'),
('2017-07-31', 1, 6, '71.50'),
('2017-07-31', 1, 8, '89.50'),
('2017-07-31', 1, 9, '50.00'),
('2017-07-31', 1, 10, '35.50'),
('2017-07-31', 1, 11, '33.50'),
('2017-07-31', 1, 12, '51.60'),
('2017-07-31', 2, 1, '39.00'),
('2017-07-31', 2, 2, '116.50'),
('2017-07-31', 2, 3, '35.00'),
('2017-07-31', 2, 4, '109.50'),
('2017-07-31', 2, 6, '87.50'),
('2017-07-31', 2, 7, '29.00'),
('2017-07-31', 2, 8, '93.00'),
('2017-07-31', 2, 9, '51.00'),
('2017-07-31', 2, 11, '36.50'),
('2017-07-31', 2, 12, '74.10'),
('2017-09-09', 1, 3, '24.50'),
('2017-09-09', 1, 4, '85.50'),
('2017-09-09', 1, 5, '75.50'),
('2017-09-09', 1, 6, '69.50'),
('2017-09-09', 1, 8, '88.50'),
('2017-09-09', 1, 9, '50.50'),
('2017-09-09', 1, 10, '35.00'),
('2017-09-09', 1, 11, '33.00'),
('2017-09-09', 1, 12, '52.00'),
('2017-09-09', 2, 1, '38.00'),
('2017-09-09', 2, 2, '118.00'),
('2017-09-09', 2, 3, '34.00'),
('2017-09-09', 2, 4, '110.00'),
('2017-09-09', 2, 6, '84.00'),
('2017-09-09', 2, 7, '28.50'),
('2017-09-09', 2, 8, '93.00'),
('2017-09-09', 2, 9, '49.00'),
('2017-09-09', 2, 11, '35.50'),
('2017-09-09', 2, 12, '72.00');

-- --------------------------------------------------------

--
-- Структура таблицы `users`
--

CREATE TABLE IF NOT EXISTS `users` (
  `user_id` int(11) NOT NULL COMMENT 'user ID',
  `user_name` varchar(10) COLLATE utf8_unicode_ci NOT NULL COMMENT 'user name'
) ENGINE=InnoDB AUTO_INCREMENT=3 DEFAULT CHARSET=utf8 COLLATE=utf8_unicode_ci COMMENT='user table';

--
-- Дамп данных таблицы `users`
--

INSERT INTO `users` (`user_id`, `user_name`) VALUES
(1, 'Катя'),
(2, 'Вова');

--
-- Индексы сохранённых таблиц
--

--
-- Индексы таблицы `body_parameters`
--
ALTER TABLE `body_parameters`
  ADD PRIMARY KEY (`parameter_id`);

--
-- Индексы таблицы `body_parameters_values`
--
ALTER TABLE `body_parameters_values`
  ADD PRIMARY KEY (`report_date`,`user_id`,`parameter_id`),
  ADD KEY `user` (`user_id`),
  ADD KEY `parameter_id` (`parameter_id`);

--
-- Индексы таблицы `users`
--
ALTER TABLE `users`
  ADD PRIMARY KEY (`user_id`);

--
-- AUTO_INCREMENT для сохранённых таблиц
--

--
-- AUTO_INCREMENT для таблицы `body_parameters`
--
ALTER TABLE `body_parameters`
  MODIFY `parameter_id` int(11) NOT NULL AUTO_INCREMENT COMMENT 'body parameter ID',AUTO_INCREMENT=13;
--
-- AUTO_INCREMENT для таблицы `users`
--
ALTER TABLE `users`
  MODIFY `user_id` int(11) NOT NULL AUTO_INCREMENT COMMENT 'user ID',AUTO_INCREMENT=3;
--
-- Ограничения внешнего ключа сохраненных таблиц
--

--
-- Ограничения внешнего ключа таблицы `body_parameters_values`
--
ALTER TABLE `body_parameters_values`
  ADD CONSTRAINT `parameter_id` FOREIGN KEY (`parameter_id`) REFERENCES `body_parameters` (`parameter_id`),
  ADD CONSTRAINT `user` FOREIGN KEY (`user_id`) REFERENCES `users` (`user_id`);

/*!40101 SET CHARACTER_SET_CLIENT=@OLD_CHARACTER_SET_CLIENT */;
/*!40101 SET CHARACTER_SET_RESULTS=@OLD_CHARACTER_SET_RESULTS */;
/*!40101 SET COLLATION_CONNECTION=@OLD_COLLATION_CONNECTION */;
